Id,y
10000,-66.00242349
10001,451.4065044
10002,-461.6764171
10003,40.50120875
10004,-126.7447225
10005,-342.5345518
10006,-396.5555421
10007,335.5412791
10008,-99.51242087
10009,304.8125398
10010,68.89453049
10011,412.3691955
10012,54.94237102
10013,-17.00555075
10014,-597.8499576
10015,443.5022888
10016,144.774487
10017,-57.41116367
10018,134.3878276
10019,-108.983776
10020,153.8248284
10021,611.7359836
10022,588.3896503
10023,-131.0168
10024,-61.13562114
10025,-374.2484953
10026,74.15799308
10027,137.4383787
10028,420.0866118
10029,196.7656257
10030,268.4428498
10031,638.4749103
10032,127.3787314
10033,1.349118758
10034,22.71045318
10035,342.2395345
10036,307.703967
10037,348.1382087
10038,-168.6528613
10039,-20.2211309
10040,-551.7499276
10041,-429.9718041
10042,261.8919587
10043,389.8204261
10044,-96.16562227
10045,-210.7108013
10046,278.8818688
10047,-427.453301
10048,-172.9032529
10049,467.2643784
10050,-631.5587356
10051,-355.5316593
10052,143.1732755
10053,69.1992026
10054,275.588274
10055,-263.1886122
10056,167.4983072
10057,104.5778959
10058,230.0700866
10059,20.98802664
10060,-4.822581263
10061,-201.9229408
10062,560.0639266
10063,55.28847625
10064,671.3015747
10065,-493.7487383
10066,-279.3530367
10067,-53.71252761
10068,379.6981955
10069,315.0714109
10070,169.1300173
10071,-271.5993033
10072,783.8022227
10073,44.57731152
10074,57.40678005
10075,-161.0782741
10076,-220.6695785
10077,223.2412944
10078,352.6655955
10079,13.16329137
10080,-461.994147
10081,305.3721467
10082,-230.5965617
10083,359.0744432
10084,-430.2605634
10085,-115.5488221
10086,-88.96006388
10087,-488.2901898
10088,-139.3503385
10089,57.33880811
10090,-190.3362427
10091,-6.508092915
10092,189.2910777
10093,346.6036782
10094,871.6273206
10095,-147.0135374
10096,443.4899378
10097,-30.49843297
10098,185.4634575
10099,-119.9171715
10100,43.575238
10101,58.31857155
10102,-197.1524683
10103,-70.47160679
10104,-342.8460533
10105,-29.23358987
10106,49.5229293
10107,-16.24614414
10108,33.77506926
10109,-68.88307748
10110,25.86339949
10111,-617.3142843
10112,-185.904413
10113,323.7831061
10114,-35.66219572
10115,-733.5297712
10116,-240.7385626
10117,-381.9731466
10118,75.31994462
10119,36.61032646
10120,-28.75627023
10121,-481.160628
10122,408.8502304
10123,-765.0217472
10124,178.0726965
10125,-7.649879386
10126,134.7968462
10127,-477.4585142
10128,-248.706253
10129,-361.8846572
10130,-18.75561175
10131,7.795604374
10132,-109.1059897
10133,-63.07374524
10134,591.8231837
10135,259.6126337
10136,-279.865832
10137,93.2253594
10138,-427.2873154
10139,84.38656633
10140,-311.5446306
10141,11.41926861
10142,-297.8314684
10143,-331.928971
10144,656.0132305
10145,-476.6626814
10146,361.1940451
10147,-150.1852686
10148,299.946719
10149,-191.7214322
10150,151.9499951
10151,-64.67275782
10152,351.2448616
10153,-370.6364458
10154,349.2249818
10155,273.5246096
10156,783.1971843
10157,-124.2378897
10158,-155.2200443
10159,-506.9556494
10160,201.6932124
10161,-415.1740572
10162,-348.1651052
10163,-201.9522411
10164,-658.9504471
10165,179.3464017
10166,124.0692582
10167,-209.1502536
10168,213.7051348
10169,-82.11721024
10170,-97.1102699
10171,124.2680057
10172,50.28991566
10173,538.7439593
10174,630.0175346
10175,217.2592778
10176,-491.7337413
10177,-131.1417511
10178,362.3930224
10179,-14.36303806
10180,-30.26175736
10181,-107.3235808
10182,-334.0625929
10183,299.5063996
10184,-103.4722148
10185,179.8204995
10186,122.2007089
10187,86.58037162
10188,386.4825606
10189,-613.3611745
10190,-269.8163874
10191,260.7314513
10192,-44.62016128
10193,-159.1571758
10194,-145.2455988
10195,447.2282149
10196,476.356986
10197,121.7942135
10198,-1.535679056
10199,410.7440965
10200,90.8280998
10201,150.0733696
10202,24.03365296
10203,273.8866341
10204,-154.5292604
10205,42.58890151
10206,617.3417063
10207,38.93936076
10208,-91.43610119
10209,225.3532748
10210,151.0582758
10211,-86.91664774
10212,-101.7178896
10213,161.937765
10214,357.8704141
10215,32.14597819
10216,-379.1453992
10217,-165.9421322
10218,257.4539217
10219,-124.8385078
10220,47.08451472
10221,-67.05065139
10222,287.1733441
10223,836.2674278
10224,-78.7332926
10225,-293.0092292
10226,284.9163265
10227,377.951432
10228,-473.9426196
10229,-538.809455
10230,-372.9047504
10231,-83.3770089
10232,157.4620595
10233,167.5029146
10234,-105.6904057
10235,561.1616879
10236,-149.355319
10237,196.9668051
10238,-33.81991173
10239,5.199419882
10240,-121.708423
10241,53.47357982
10242,531.2918938
10243,-157.6026226
10244,-183.7719624
10245,643.8322464
10246,17.78030601
10247,-92.07939719
10248,485.4931646
10249,-221.2365786
10250,490.606505
10251,-43.67715915
10252,139.9332299
10253,207.5044744
10254,17.09264702
10255,-396.4720332
10256,-168.3016676
10257,-75.593241
10258,-292.0735078
10259,-59.37366535
10260,247.3690471
10261,206.8311276
10262,17.46246446
10263,-181.811485
10264,300.1761509
10265,-567.6387248
10266,311.5932729
10267,-9.929511835
10268,161.407823
10269,272.3855992
10270,55.12245742
10271,-15.27826741
10272,286.4023019
10273,387.8886119
10274,-148.5788886
10275,171.9523524
10276,-411.5705922
10277,213.8025383
10278,133.9300244
10279,-99.0171775
10280,-162.4172422
10281,-39.07419011
10282,-295.1584522
10283,141.3248135
10284,163.0598301
10285,-55.45540146
10286,-145.7406761
10287,16.35046244
10288,-364.2985585
10289,558.6630187
10290,40.05066122
10291,67.63734504
10292,559.8400847
10293,469.8069472
10294,-149.4998011
10295,-328.8227867
10296,425.771317
10297,85.50466241
10298,-166.9155371
10299,-662.298407
10300,50.28039165
10301,-11.35571833
10302,-451.8112644
10303,78.67283313
10304,-386.8187999
10305,-273.2273831
10306,352.0150454
10307,-263.8480409
10308,-214.730223
10309,-84.8811549
10310,745.8832791
10311,-418.9751085
10312,739.1991252
10313,-469.0774264
10314,481.8298449
10315,363.2079748
10316,-270.2530418
10317,-399.5921247
10318,234.4572803
10319,-38.73469357
10320,238.3687487
10321,28.69744199
10322,238.2309579
10323,-130.0074403
10324,-681.2945618
10325,61.58065296
10326,-444.9298507
10327,-14.71320839
10328,680.4767823
10329,288.7326065
10330,839.9704902
10331,416.6574765
10332,167.3560373
10333,-86.77953787
10334,332.7699676
10335,-201.3344309
10336,-43.62508299
10337,-107.9023778
10338,-284.035738
10339,232.6085572
10340,237.8331517
10341,74.39980568
10342,255.5177041
10343,-168.6496193
10344,68.56334602
10345,-365.4419817
10346,189.7064989
10347,-369.8332498
10348,-250.9002439
10349,76.3135502
10350,-344.9455092
10351,-187.4233933
10352,482.169757
10353,125.7526697
10354,450.6919438
10355,216.1761902
10356,34.34193572
10357,57.51145596
10358,-211.4194989
10359,49.76249181
10360,76.11104021
10361,-29.19625449
10362,33.04895853
10363,364.5627122
10364,234.4828099
10365,-21.79655486
10366,-476.937877
10367,43.56765899
10368,-310.9572137
10369,-46.94111623
10370,181.1955811
10371,-214.9624298
10372,-80.22706032
10373,841.2082292
10374,102.3567871
10375,37.29773805
10376,77.39818276
10377,435.7945215
10378,111.3947927
10379,-128.8292242
10380,573.0501211
10381,48.60246808
10382,-68.55414659
10383,56.68162451
10384,-360.309932
10385,131.9019228
10386,-264.5258976
10387,-378.7932497
10388,-190.0992926
10389,862.915213
10390,159.5764967
10391,514.0204636
10392,61.3876678
10393,720.8758958
10394,-450.976731
10395,105.8944421
10396,-27.53260304
10397,-23.43556197
10398,331.2059983
10399,-156.0245639
10400,0.947701839
10401,17.23240517
10402,143.2390842
10403,53.22645139
10404,41.01334927
10405,-129.3925515
10406,430.916521
10407,-427.9096197
10408,49.11400485
10409,-221.6475804
10410,-313.7597122
10411,115.2445224
10412,96.10097204
10413,-399.9159849
10414,-8.411407924
10415,733.1841324
10416,-332.4267665
10417,83.67612042
10418,339.7927487
10419,-35.11570131
10420,38.20433543
10421,-606.1984891
10422,194.2728534
10423,155.0315512
10424,-111.2564779
10425,-63.33937164
10426,403.9358187
10427,690.9194303
10428,75.78129944
10429,-340.3154065
10430,-195.7615954
10431,40.44513871
10432,-137.654188
10433,-95.67479659
10434,290.8435379
10435,568.4646813
10436,351.2186508
10437,194.7151666
10438,-312.1508421
10439,-518.3107869
10440,-80.75158048
10441,-109.9105383
10442,491.4108365
10443,371.4851449
10444,343.8566447
10445,114.607854
10446,-315.2044219
10447,83.10396509
10448,-82.59915102
10449,-182.2190272
10450,-294.9172925
10451,-294.2105553
10452,611.5470417
10453,-34.7561341
10454,-115.0415769
10455,263.2793379
10456,346.0565121
10457,194.6116153
10458,257.3561496
10459,-303.2080949
10460,-173.1959109
10461,-88.53983449
10462,137.601612
10463,337.0486493
10464,155.7252346
10465,-250.2907929
10466,148.0634002
10467,333.6821886
10468,-260.3363924
10469,340.3079092
10470,224.6853557
10471,-607.2797171
10472,-54.85959294
10473,-685.0910817
10474,268.2582708
10475,108.7974356
10476,-233.1676172
10477,115.8908816
10478,75.28875461
10479,312.5869539
10480,78.42590705
10481,-509.6307964
10482,142.1529458
10483,-567.6096745
10484,99.19784411
10485,181.7656936
10486,-27.40709839
10487,-646.8210508
10488,-261.6328163
10489,-398.8768892
10490,-259.4107521
10491,-252.0574036
10492,-25.64796723
10493,-479.3579494
10494,109.9106862
10495,161.9425797
10496,-436.8071742
10497,-66.01220442
10498,-73.60538265
10499,51.00273945
10500,7.609681032
10501,-38.39048673
10502,493.5959706
10503,-303.4490805
10504,285.3630588
10505,236.9308212
10506,-112.9028874
10507,-104.9163971
10508,70.11071172
10509,-334.4021808
10510,-526.1520614
10511,26.69512668
10512,16.62507688
10513,-282.6239187
10514,-156.7643892
10515,-368.7038524
10516,87.26698388
10517,9.621961449
10518,159.3385543
10519,737.8354362
10520,-63.5256149
10521,253.3923454
10522,-195.4792623
10523,-233.6040628
10524,672.0430028
10525,161.0264781
10526,-86.92388588
10527,767.4499376
10528,300.1434547
10529,-264.6332621
10530,506.8069225
10531,413.7325758
10532,-227.9556542
10533,270.7218219
10534,166.2721454
10535,467.835947
10536,691.0141927
10537,-235.1955016
10538,-204.4947563
10539,235.565499
10540,481.508229
10541,-404.2863716
10542,499.6345989
10543,-280.4236243
10544,349.635357
10545,56.27921856
10546,377.7838242
10547,58.23929413
10548,424.2998122
10549,85.80041244
10550,-252.9928885
10551,172.867845
10552,-190.1066002
10553,306.9642865
10554,-179.1176649
10555,-155.7759049
10556,-208.7525706
10557,-257.425978
10558,-187.8870805
10559,178.9596859
10560,769.2994246
10561,131.454005
10562,-86.33605848
10563,-440.7896941
10564,522.2063378
10565,74.26044537
10566,-273.3451908
10567,23.8854832
10568,-140.8861901
10569,337.4418933
10570,63.42512024
10571,-78.12104361
10572,-209.4159615
10573,-354.302217
10574,261.5495894
10575,252.784753
10576,415.3327935
10577,-341.4106218
10578,-101.5430656
10579,-82.98003734
10580,-146.1918595
10581,-400.9570095
10582,114.6881016
10583,-318.4094492
10584,-27.12865111
10585,253.3920636
10586,-15.16159724
10587,490.2763102
10588,67.16055416
10589,-583.6536302
10590,566.8292228
10591,-659.7840206
10592,-280.3445866
10593,-618.4849576
10594,-403.0815218
10595,52.58079587
10596,154.1372478
10597,-187.1872459
10598,45.06432286
10599,389.8698025
10600,497.4944277
10601,-172.6046615
10602,-199.4880483
10603,146.3321354
10604,-745.9314212
10605,-230.9357823
10606,-157.7376882
10607,170.5558567
10608,58.52819579
10609,21.77823538
10610,-33.84543239
10611,527.0115321
10612,370.3597932
10613,-83.70884929
10614,-297.8667818
10615,379.6300416
10616,-194.4998187
10617,-59.08115424
10618,-59.05074146
10619,-265.795331
10620,-488.3242148
10621,-28.13331682
10622,-110.8972425
10623,642.5198199
10624,-25.10495825
10625,368.2746547
10626,274.7992135
10627,416.5261293
10628,110.5732487
10629,561.3783521
10630,497.1437621
10631,-201.6098773
10632,-370.0522983
10633,731.0573724
10634,-380.1370792
10635,-200.6025155
10636,272.0860119
10637,269.8405899
10638,-243.5639951
10639,-80.64209435
10640,-467.9770129
10641,384.1033092
10642,-158.5146408
10643,-321.142909
10644,-72.30709812
10645,244.896501
10646,-111.7668799
10647,-71.30354162
10648,-97.14900535
10649,387.9928529
10650,134.0797608
10651,-372.7245397
10652,-153.8973489
10653,376.0557247
10654,-45.06699973
10655,29.1110242
10656,-164.3884137
10657,291.3802876
10658,-389.642909
10659,-145.4538137
10660,276.506142
10661,-134.0938109
10662,82.94811155
10663,143.7733706
10664,230.8537782
10665,649.898047
10666,188.1001141
10667,170.7722161
10668,-533.8474845
10669,-516.1349688
10670,-356.7869747
10671,480.9037432
10672,-54.53599296
10673,-272.660572
10674,-89.16369342
10675,-97.40004082
10676,-264.2980378
10677,-558.851676
10678,-18.22317399
10679,238.6833786
10680,-107.4968269
10681,-439.7371497
10682,-366.0873776
10683,540.4744023
10684,-335.9192295
10685,128.9848136
10686,-360.4650593
10687,-211.0145866
10688,115.7038361
10689,-723.6333562
10690,380.8939221
10691,24.30096981
10692,-145.3876145
10693,-157.2829562
10694,134.10336
10695,215.9571008
10696,-310.2061637
10697,18.01888369
10698,-287.1696947
10699,-244.8288894
10700,-126.1519063
10701,-276.8510337
10702,-63.9028232
10703,-268.290742
10704,80.99060619
10705,135.4919765
10706,265.8617174
10707,290.1533893
10708,72.85750707
10709,-88.64501838
10710,-562.5238017
10711,-257.9685917
10712,-88.32818773
10713,-608.9048914
10714,16.64812985
10715,-117.9966414
10716,244.4881359
10717,60.96132065
10718,640.8504726
10719,15.07359266
10720,135.0064443
10721,39.52337453
10722,86.44560574
10723,20.33765462
10724,217.4424202
10725,-8.57484599
10726,172.3975873
10727,-326.0037488
10728,347.5813407
10729,128.9580391
10730,-379.7500886
10731,-134.7069571
10732,153.5688851
10733,-72.12278609
10734,183.3084883
10735,-456.5387762
10736,152.2753016
10737,-20.6582806
10738,245.6223284
10739,776.4009728
10740,-320.143453
10741,-479.3197083
10742,-69.7543486
10743,-372.0104532
10744,397.2822474
10745,94.97293025
10746,-545.870094
10747,92.71733085
10748,456.6232468
10749,140.3351963
10750,-542.6167845
10751,33.25617847
10752,237.5455531
10753,-260.5147806
10754,-227.741178
10755,-18.37420794
10756,357.2320794
10757,234.1686632
10758,309.0494909
10759,109.4162091
10760,297.0462772
10761,431.2827187
10762,-285.9027542
10763,-461.1231851
10764,458.8411685
10765,-35.13247866
10766,-138.9667787
10767,435.8781114
10768,-327.5517325
10769,-16.17584223
10770,32.68738315
10771,-143.1103609
10772,-82.91163797
10773,-26.39584958
10774,-295.9065425
10775,-300.9445513
10776,-157.0374618
10777,-444.1054252
10778,55.54295923
10779,136.0957334
10780,-59.93423441
10781,774.7869394
10782,-291.8214694
10783,449.6545134
10784,-231.2008249
10785,88.1805884
10786,511.6823816
10787,27.69891399
10788,69.71900343
10789,-684.0304287
10790,-181.1657542
10791,-592.2856835
10792,-326.3723045
10793,527.5739554
10794,-175.9822323
10795,555.3273243
10796,-40.06219257
10797,-242.9096118
10798,466.4750098
10799,209.7265782
10800,112.4739903
10801,655.9597092
10802,-253.672882
10803,-143.1400644
10804,261.9090334
10805,-51.43052462
10806,-646.5343715
10807,-114.1173065
10808,126.1493112
10809,204.5934629
10810,-300.3936137
10811,-415.6867459
10812,6.449152884
10813,72.80107777
10814,160.6608721
10815,249.3116893
10816,-248.2853452
10817,7.830629923
10818,-466.383827
10819,290.151444
10820,-309.0332066
10821,528.6916612
10822,372.4938479
10823,-328.0862663
10824,-94.65873408
10825,55.56919414
10826,67.34382419
10827,-533.6683812
10828,-128.1086335
10829,-542.9948584
10830,54.63463967
10831,182.6604348
10832,-41.29948573
10833,652.8127634
10834,-336.9657807
10835,99.9628202
10836,811.7900163
10837,-346.2521161
10838,103.6908796
10839,487.7360813
10840,120.895691
10841,-324.3296741
10842,-136.4121297
10843,-41.92443003
10844,282.7029866
10845,345.620329
10846,124.6979853
10847,-206.1133528
10848,155.9399858
10849,-443.7672299
10850,-273.3430034
10851,195.9503308
10852,-30.69004085
10853,86.5677866
10854,-312.2113619
10855,41.00524696
10856,307.6751802
10857,532.9059494
10858,260.1616806
10859,362.0055075
10860,101.3289812
10861,38.44129614
10862,20.26767475
10863,117.4402499
10864,573.6911827
10865,-507.5920585
10866,-211.7696267
10867,-78.3998974
10868,-319.5737677
10869,-267.4465644
10870,-780.857032
10871,50.22998056
10872,-298.5490108
10873,23.39238652
10874,-76.29059741
10875,-257.5974705
10876,171.5643651
10877,-121.6007832
10878,-451.3737769
10879,81.13533884
10880,-212.5524932
10881,-3.534927229
10882,-408.255481
10883,-158.6513319
10884,238.398342
10885,-133.0357233
10886,-266.0840826
10887,247.7427044
10888,347.9665443
10889,-511.3152428
10890,21.81587122
10891,-163.8414096
10892,-472.5608364
10893,-365.0082672
10894,272.4371379
10895,92.37376375
10896,491.8081457
10897,-200.0360581
10898,144.3149082
10899,-554.3580524
10900,-449.3575579
10901,565.0154802
10902,446.3187581
10903,309.6973882
10904,282.9279414
10905,176.1976282
10906,-315.1418518
10907,612.3377931
10908,274.2522312
10909,-19.43617306
10910,404.6254478
10911,47.26648143
10912,101.8962408
10913,98.14809563
10914,-231.3525824
10915,136.3361232
10916,-150.3100593
10917,461.19955
10918,145.6901589
10919,-405.8237419
10920,-405.5525659
10921,213.6739437
10922,-204.8036403
10923,-118.5706379
10924,675.2302648
10925,145.1619879
10926,489.687002
10927,-173.7655746
10928,89.69168465
10929,239.0117915
10930,-68.18000069
10931,93.66677562
10932,-196.5530172
10933,-711.7534447
10934,-104.1502399
10935,55.7300395
10936,74.24035058
10937,625.7495909
10938,234.9868849
10939,221.5929479
10940,61.93159176
10941,239.7364483
10942,-21.33808182
10943,180.1647363
10944,14.918628
10945,-374.8656883
10946,-397.5149289
10947,114.6669084
10948,-269.6162288
10949,0.139212214
10950,-34.59484676
10951,72.73402123
10952,-188.8055631
10953,-365.5336719
10954,-67.59552255
10955,19.50117014
10956,212.7825901
10957,170.7228469
10958,48.75605588
10959,-239.4465228
10960,409.7382052
10961,399.8680057
10962,18.69310046
10963,165.766972
10964,-124.3894535
10965,54.99452321
10966,640.4320746
10967,7.578792736
10968,-265.0476304
10969,1.692733091
10970,18.51713362
10971,-248.8516393
10972,106.8619315
10973,251.6391431
10974,133.8377395
10975,-358.2669614
10976,426.2614473
10977,71.97842247
10978,-322.0875596
10979,438.8402675
10980,-40.13211449
10981,283.8035687
10982,-487.9061953
10983,-86.93302825
10984,-470.8501511
10985,73.14648277
10986,-688.3900989
10987,392.4785676
10988,-328.6310375
10989,149.3916006
10990,321.7931148
10991,584.393087
10992,206.7572957
10993,36.548226
10994,-37.77828521
10995,-551.0517095
10996,-107.8512039
10997,-176.806028
10998,-356.8894912
10999,418.4145841
11000,-26.13349602
11001,-213.9095136
11002,246.5797888
11003,-32.01102495
11004,-126.7325885
11005,26.91449156
11006,198.9219738
11007,-18.84355441
11008,-119.5148461
11009,-389.9037605
11010,-149.5092861
11011,-308.9620302
11012,-478.7771604
11013,-616.7291413
11014,-25.89082961
11015,-133.1765903
11016,-633.0587252
11017,-32.26329475
11018,28.79581958
11019,-290.0013236
11020,-168.0249654
11021,-173.84102
11022,107.2795542
11023,278.3287852
11024,164.7366518
11025,596.78602
11026,737.7802177
11027,-57.0443987
11028,-20.38191303
11029,193.1114083
11030,150.9524222
11031,-340.8779259
11032,207.5565702
11033,-27.67472613
11034,-146.9516574
11035,-121.8806683
11036,144.4795053
11037,333.2095317
11038,-452.513121
11039,-208.5368467
11040,265.8449475
11041,-86.1964595
11042,-456.0106179
11043,-377.7300472
11044,277.556689
11045,-98.28816557
11046,-258.6774182
11047,508.5130216
11048,-27.82946677
11049,-397.8382252
11050,27.29423155
11051,55.46090696
11052,86.52443962
11053,-417.7182671
11054,265.0746922
11055,126.4953798
11056,-731.2337999
11057,26.76852907
11058,15.17242497
11059,603.1491771
11060,-68.51036909
11061,-630.1588497
11062,391.439895
11063,191.2673977
11064,-82.7991589
11065,874.2798356
11066,130.1022097
11067,24.82525763
11068,10.01568456
11069,407.553552
11070,184.9337224
11071,699.4013404
11072,12.87418217
11073,-569.7950312
11074,-60.61826753
11075,-96.58944293
11076,19.66070836
11077,30.22596905
11078,-107.0685821
11079,-23.44815302
11080,-16.56348976
11081,18.767318
11082,145.9503818
11083,-428.1027566
11084,-158.1747761
11085,-44.3780809
11086,-411.2997705
11087,218.4210181
11088,141.2453078
11089,316.634756
11090,93.68023983
11091,154.164054
11092,-132.9202502
11093,-293.8735714
11094,485.3063456
11095,-271.2294815
11096,373.3831472
11097,-359.6695988
11098,-459.9923045
11099,209.0536985
11100,46.74008351
11101,-767.8965436
11102,-153.9694668
11103,-66.68289246
11104,-15.94403508
11105,16.07598435
11106,157.0389367
11107,585.6578636
11108,-259.638106
11109,264.4864667
11110,171.5586507
11111,182.0657255
11112,-336.8833734
11113,-403.2385387
11114,114.5777251
11115,161.8364435
11116,-628.044701
11117,242.0117531
11118,362.8630361
11119,60.7137064
11120,-359.3112312
11121,-379.0818795
11122,237.8377849
11123,-293.4175091
11124,-397.4513792
11125,159.5888561
11126,365.0374752
11127,-720.6128465
11128,500.1648658
11129,-11.26581001
11130,-69.35501503
11131,250.8656216
11132,-169.3067854
11133,120.4372069
11134,-39.95315783
11135,-520.879066
11136,-631.1061053
11137,-189.4512872
11138,73.57078737
11139,39.63813194
11140,-459.8374388
11141,4.029071723
11142,-197.4488997
11143,62.38974257
11144,-186.4453524
11145,-133.6082202
11146,305.022979
11147,-46.02246759
11148,-42.28147599
11149,-174.6134231
11150,-221.8174243
11151,-177.5825537
11152,-1.64577916
11153,92.19561473
11154,380.6366433
11155,5.176285534
11156,-43.26413786
11157,138.5690977
11158,-644.23734
11159,-264.0526485
11160,388.0771113
11161,-314.575504
11162,68.59577885
11163,313.902506
11164,-174.13638
11165,75.24506092
11166,-48.30049653
11167,366.3281349
11168,-300.9531752
11169,52.29547497
11170,199.7645085
11171,-291.4521389
11172,-221.2552571
11173,-347.6337367
11174,-203.1697372
11175,-377.9229754
11176,-39.05990124
11177,-27.65770899
11178,-4.840069011
11179,387.6931702
11180,173.075211
11181,932.2704017
11182,-79.75948935
11183,140.8319774
11184,39.68402986
11185,443.524208
11186,342.3599487
11187,-137.8579526
11188,596.3305305
11189,207.6469264
11190,-628.7444697
11191,498.5177065
11192,-157.9392487
11193,351.1078398
11194,21.71133354
11195,-147.8588201
11196,204.5724627
11197,29.47461825
11198,121.4339296
11199,-565.6199354
11200,-229.610587
11201,-46.80447711
11202,686.9993414
11203,-439.3760081
11204,-564.3067809
11205,-449.4452387
11206,-187.0133756
11207,63.71447075
11208,226.5321796
11209,-238.2619589
11210,8.031752668
11211,-360.6886942
11212,-123.9931161
11213,-388.8646195
11214,21.02586263
11215,-301.5018713
11216,215.8774083
11217,403.51021
11218,435.6976034
11219,-107.1009209
11220,186.0469208
11221,347.5694847
11222,258.8139591
11223,-431.3756615
11224,-169.359382
11225,106.38668
11226,11.40634335
11227,362.596204
11228,-602.2073541
11229,707.5559184
11230,202.1749188
11231,-50.33711977
11232,-170.3294235
11233,-33.3113709
11234,194.4298349
11235,-358.589351
11236,-212.2653533
11237,-291.4211038
11238,295.5576189
11239,-278.9733873
11240,23.6536533
11241,-64.46361091
11242,-550.5130672
11243,541.3432698
11244,95.06333041
11245,14.59820737
11246,108.6088352
11247,-390.9747091
11248,358.6664197
11249,-656.7373714
11250,39.62170404
11251,-112.107814
11252,-3.996618184
11253,-399.3487785
11254,-189.9421583
11255,25.70500325
11256,-514.3423091
11257,42.903389
11258,-18.93265242
11259,-109.3230965
11260,-32.89909171
11261,-543.8120027
11262,402.371087
11263,36.24431538
11264,228.3040758
11265,346.3830223
11266,-401.222707
11267,54.05719773
11268,6.862233348
11269,-3.812080566
11270,-445.451492
11271,162.0875187
11272,176.367525
11273,-516.9719819
11274,189.9931601
11275,-164.457128
11276,174.2099471
11277,-510.0297763
11278,174.7848851
11279,-352.7463243
11280,-145.4609771
11281,456.9718612
11282,-463.5148907
11283,-363.5842764
11284,-157.8480823
11285,-195.3606096
11286,152.0406878
11287,-197.0922677
11288,36.48096537
11289,993.224878
11290,-387.0287932
11291,-6.616510883
11292,-272.0688609
11293,-138.5995455
11294,-105.0394486
11295,-21.5295244
11296,91.05719915
11297,-65.79119715
11298,164.4728771
11299,-17.99782703
11300,783.8866597
11301,-339.2311247
11302,-196.4845636
11303,357.2184954
11304,186.3106252
11305,138.0941037
11306,-11.63246148
11307,175.8091637
11308,-224.6173498
11309,68.85579641
11310,201.2111314
11311,257.8711429
11312,-432.8705595
11313,-893.9998008
11314,671.8650785
11315,-143.3726492
11316,622.2386587
11317,179.3844263
11318,553.7744089
11319,133.3992212
11320,-278.7634418
11321,-316.628041
11322,503.4156629
11323,282.687136
11324,-192.3497908
11325,-266.5062159
11326,28.44209269
11327,-502.8106645
11328,-284.8971678
11329,334.3253961
11330,131.8555942
11331,-163.0690053
11332,207.6978104
11333,84.53775536
11334,26.25962907
11335,-255.9221373
11336,51.28290274
11337,-102.0496215
11338,160.4343041
11339,285.393356
11340,-58.84096452
11341,103.1053491
11342,-294.311293
11343,376.9074908
11344,69.80186693
11345,866.0001885
11346,-39.37289658
11347,64.61420289
11348,-169.6560342
11349,-545.1873976
11350,-61.76963685
11351,-497.3202845
11352,462.2911105
11353,-153.2691425
11354,-206.0069415
11355,-139.679679
11356,-86.316035
11357,589.4439429
11358,213.3916237
11359,160.8426921
11360,189.1431188
11361,-353.6233317
11362,-195.4614689
11363,-130.9704878
11364,-411.8978482
11365,339.536111
11366,278.7080286
11367,262.5393309
11368,-182.3152474
11369,312.5925399
11370,292.506966
11371,-191.3981291
11372,97.19896589
11373,-323.062452
11374,-641.6335237
11375,34.40431779
11376,332.6146395
11377,374.3942908
11378,79.74057444
11379,-175.6645415
11380,161.84978
11381,247.7096273
11382,90.73858219
11383,406.9195428
11384,-128.293384
11385,131.2733076
11386,729.3094416
11387,721.9516508
11388,-177.9400006
11389,709.522902
11390,68.44182795
11391,-488.0481067
11392,152.7459391
11393,-239.2502848
11394,-147.2809571
11395,-45.20831858
11396,-222.1244934
11397,-332.6152839
11398,-119.3673758
11399,411.5976154
11400,165.3828838
11401,488.2754657
11402,224.1448993
11403,57.12319328
11404,264.6650202
11405,-126.7509829
11406,-376.2060206
11407,48.79137392
11408,420.198064
11409,-415.5596397
11410,-45.07267871
11411,-169.4855745
11412,744.9633227
11413,-534.1845713
11414,-151.0311281
11415,577.9358655
11416,46.72638739
11417,311.5540818
11418,357.3063766
11419,265.4127384
11420,-253.597369
11421,-473.8813441
11422,12.68844461
11423,-132.5642669
11424,72.4738192
11425,217.4358052
11426,-335.7785201
11427,-262.2046245
11428,95.51698321
11429,-209.1819202
11430,456.6356735
11431,308.4305602
11432,-28.85373113
11433,-358.5178472
11434,128.3117268
11435,145.6247244
11436,95.66700803
11437,268.2835409
11438,-466.9244162
11439,-314.3209497
11440,344.7406649
11441,220.7075581
11442,-578.4755239
11443,174.8090781
11444,399.941484
11445,732.6720966
11446,667.3027303
11447,-63.09651298
11448,245.906522
11449,21.73019302
11450,-248.6526404
11451,-197.0407551
11452,-282.0464723
11453,-81.15238926
11454,52.3653616
11455,-2.257126778
11456,-758.8756116
11457,213.4914591
11458,-169.2714783
11459,184.7202887
11460,256.564305
11461,-63.24889778
11462,-272.7178718
11463,135.7944635
11464,455.7807434
11465,-129.3563765
11466,62.87337039
11467,-386.8529379
11468,267.2276588
11469,287.2411869
11470,-52.09972865
11471,76.40695665
11472,-138.1621509
11473,203.5561486
11474,15.48871102
11475,-5.968082517
11476,-31.64414259
11477,221.5663023
11478,-687.0023182
11479,483.7842231
11480,958.0223791
11481,191.5960609
11482,-58.58970557
11483,259.4623062
11484,-6.316757562
11485,-270.288469
11486,-772.4642296
11487,-146.4633193
11488,-37.78146099
11489,331.5519576
11490,570.4745741
11491,-182.5998963
11492,-356.0940866
11493,84.14295121
11494,-115.7266418
11495,431.898382
11496,-39.02760836
11497,28.16338306
11498,-54.06385343
11499,-259.9655378
11500,157.6968782
11501,-451.5735362
11502,482.5565049
11503,242.5569452
11504,-588.1137438
11505,81.0170969
11506,325.4067394
11507,-22.05223515
11508,-296.2785042
11509,299.0519136
11510,468.2699312
11511,-99.60746951
11512,5.278085447
11513,-101.9471502
11514,172.815435
11515,-676.720753
11516,-85.3345852
11517,117.5436957
11518,-83.62878739
11519,179.7556277
11520,-83.35296347
11521,-21.41917895
11522,292.1247462
11523,-100.1639609
11524,-295.4450782
11525,-196.1996155
11526,-90.40349799
11527,-58.11412409
11528,-400.3793447
11529,236.3271753
11530,-312.0048905
11531,448.8990474
11532,202.7355051
11533,94.92875456
11534,60.24730792
11535,-149.4366325
11536,406.7833815
11537,600.8120265
11538,-23.26355946
11539,-565.3127069
11540,156.4406917
11541,648.6215466
11542,405.7197965
11543,261.8058314
11544,22.35608394
11545,238.4124747
11546,164.5680238
11547,-83.34674115
11548,209.7749198
11549,-198.9743774
11550,-78.7347321
11551,27.7324881
11552,450.3167951
11553,-78.31520558
11554,-267.6389063
11555,348.3318745
11556,-404.4550392
11557,330.0959395
11558,-532.9705587
11559,530.1667228
11560,-741.0568046
11561,478.6495234
11562,164.6318792
11563,-449.7107531
11564,-412.1148111
11565,219.1277391
11566,-378.6893095
11567,368.7333881
11568,37.33842696
11569,396.493495
11570,-29.32979472
11571,35.47525184
11572,-267.2910756
11573,-417.3465798
11574,-250.3010653
11575,-228.9572001
11576,692.2513473
11577,-411.1573721
11578,482.3211789
11579,109.4038692
11580,547.6205815
11581,179.8842651
11582,-521.5793102
11583,-0.53667222
11584,-1.310883274
11585,-248.0508315
11586,-243.0680618
11587,199.5673008
11588,381.3240433
11589,-393.1688039
11590,138.2324528
11591,34.2410557
11592,-4.629154614
11593,-151.8619313
11594,335.5463722
11595,-93.14529808
11596,507.7532187
11597,-355.4656205
11598,143.0897844
11599,137.946884
11600,-151.046006
11601,-19.60177369
11602,105.8488271
11603,-172.78519
11604,482.1272637
11605,-267.5391741
11606,39.90555579
11607,-52.85579653
11608,-21.22244673
11609,155.3798935
11610,-96.06927784
11611,-163.1753041
11612,-180.3657398
11613,-264.6784345
11614,171.4279516
11615,-11.45771336
11616,239.9973419
11617,-39.84995384
11618,-211.7416066
11619,-354.1693562
11620,72.47946295
11621,306.8202044
11622,10.71023848
11623,-367.951643
11624,280.9986783
11625,607.134279
11626,226.078667
11627,565.929638
11628,-147.7674722
11629,-314.0375603
11630,-180.0455353
11631,51.27097738
11632,-118.8198422
11633,-258.2606219
11634,-229.8371302
11635,200.3647586
11636,-348.0714176
11637,-584.860866
11638,-4.929876831
11639,-163.4422148
11640,87.0275193
11641,41.56663504
11642,-494.8904638
11643,-60.8877112
11644,-173.5513697
11645,181.2645212
11646,-51.32570909
11647,43.95099731
11648,-517.9818135
11649,-355.5526669
11650,272.4021669
11651,490.6303834
11652,-37.23470687
11653,100.1917812
11654,32.26474312
11655,342.3839959
11656,-274.3839964
11657,-461.5994802
11658,399.1178188
11659,59.94166242
11660,-119.026938
11661,-281.7090516
11662,-127.6286844
11663,-556.5819102
11664,-79.37923441
11665,-84.28398755
11666,-212.8581543
11667,72.29858468
11668,-416.4589989
11669,-151.3927707
11670,-112.9432575
11671,-386.9976054
11672,553.3497134
11673,-80.93783458
11674,265.6051645
11675,498.064505
11676,447.8834077
11677,-162.9533886
11678,121.2035152
11679,106.0234285
11680,340.5063554
11681,4.314416763
11682,-92.64783669
11683,-354.1295771
11684,214.0074765
11685,-345.6914287
11686,-271.8022086
11687,426.3090774
11688,-37.75750717
11689,-180.4634572
11690,-97.58231079
11691,347.8223132
11692,-237.0130908
11693,118.1231187
11694,681.4766679
11695,275.6633449
11696,185.1648164
11697,-13.15936337
11698,274.0722475
11699,178.7610297
11700,-178.9803952
11701,391.8425176
11702,-308.9499411
11703,-324.8362159
11704,262.0871357
11705,398.5210641
11706,-368.2548804
11707,-181.1825114
11708,-166.4134721
11709,68.98755259
11710,-249.4901288
11711,443.6033748
11712,13.65045988
11713,-212.5303785
11714,-27.91541871
11715,-240.7998218
11716,-142.8830914
11717,-285.8343044
11718,460.6316687
11719,-225.1078803
11720,97.82651933
11721,350.5872569
11722,378.8238517
11723,-3.884845525
11724,-260.9482886
11725,-64.56158617
11726,-270.6032842
11727,-569.4207477
11728,142.468384
11729,228.1523179
11730,170.9058941
11731,-88.73300598
11732,179.585146
11733,176.7868256
11734,-56.27057435
11735,-185.8725873
11736,100.4465873
11737,-63.66217955
11738,623.206114
11739,-122.1689811
11740,-216.5726413
11741,-130.9809745
11742,-293.8266586
11743,167.9238436
11744,9.259507593
11745,-587.4956963
11746,304.7248094
11747,251.4635951
11748,-304.0609677
11749,108.0433696
11750,-218.6718998
11751,-105.1301839
11752,121.3563311
11753,-302.9640413
11754,529.6616399
11755,-224.5501112
11756,688.8598021
11757,121.6214084
11758,495.8633096
11759,-104.897008
11760,-39.40369283
11761,-218.4339384
11762,-242.0754292
11763,328.4691737
11764,-121.5706232
11765,-351.9613272
11766,235.8965434
11767,211.8433161
11768,581.9859084
11769,-187.8168518
11770,-88.20353056
11771,-121.2631828
11772,-682.3449315
11773,-61.45599357
11774,69.00904134
11775,132.8948728
11776,41.64682074
11777,-513.1698249
11778,216.7434409
11779,-533.8087879
11780,-467.103065
11781,39.69398966
11782,178.8448376
11783,-255.9126844
11784,468.690972
11785,-959.1458675
11786,201.8625119
11787,-282.5687071
11788,-392.4349516
11789,-219.6877578
11790,169.5930227
11791,-21.89566577
11792,-242.2799223
11793,35.58886075
11794,336.4403335
11795,-63.33152033
11796,-4.446048274
11797,-312.3153657
11798,14.58141557
11799,-258.2235127
11800,725.8387913
11801,-303.8280646
11802,-726.1845221
11803,93.42268369
11804,92.79798258
11805,342.4123293
11806,856.1825394
11807,-54.88314706
11808,-213.1372064
11809,-365.0835489
11810,-733.481962
11811,-206.0583819
11812,-418.2722353
11813,358.8044695
11814,-260.6223453
11815,546.2345723
11816,187.4494867
11817,-22.0339829
11818,88.73051702
11819,-243.1384798
11820,-41.37966628
11821,-543.6240241
11822,840.8060355
11823,402.8242218
11824,79.4207056
11825,473.3897943
11826,-57.64549005
11827,210.1128673
11828,-185.7574529
11829,22.769138
11830,940.7468341
11831,-442.7066678
11832,-475.2447823
11833,-339.994284
11834,541.6463647
11835,333.4990796
11836,-765.4962534
11837,91.19318918
11838,164.4507323
11839,274.6128331
11840,263.1882539
11841,303.6223347
11842,-92.18952554
11843,208.9737134
11844,-170.0341905
11845,41.55819636
11846,-670.8313651
11847,452.6593777
11848,741.8102613
11849,420.5524115
11850,400.3530024
11851,-181.6423958
11852,162.0463584
11853,2.748093609
11854,534.6906446
11855,145.0593687
11856,245.6397735
11857,192.7063366
11858,486.5739864
11859,525.27
11860,172.0015914
11861,342.5619147
11862,-338.4488099
11863,99.97133504
11864,-176.9017178
11865,316.4260102
11866,-637.4632411
11867,74.53335736
11868,-319.6093542
11869,-234.073572
11870,238.8317632
11871,684.2995159
11872,-273.3939469
11873,229.4938738
11874,-191.4280518
11875,591.7365509
11876,-357.717077
11877,279.3492028
11878,16.38534698
11879,1015.232107
11880,-44.24764867
11881,-259.1203848
11882,6.686312571
11883,113.4176595
11884,164.3690604
11885,-219.7909106
11886,-50.91215017
11887,234.6937848
11888,-225.7460472
11889,-124.5680611
11890,89.33080635
11891,-24.03982232
11892,949.8138509
11893,21.68529324
11894,-333.0669156
11895,51.63526677
11896,-328.7470589
11897,-622.2335618
11898,-406.8257233
11899,-126.3808382
11900,-298.356834
11901,-494.6324027
11902,579.0223408
11903,170.4248951
11904,160.4512728
11905,-127.5324575
11906,116.5126075
11907,137.2448369
11908,-1.235126306
11909,613.2508184
11910,435.2344809
11911,160.3869671
11912,-185.4738898
11913,188.640656
11914,-610.5603513
11915,23.71465719
11916,-97.9046914
11917,-120.6134541
11918,353.0787173
11919,-18.44288751
11920,-120.2854689
11921,15.3929101
11922,185.806968
11923,845.652763
11924,349.4593288
11925,45.89263724
11926,-7.237928751
11927,-164.7161708
11928,107.2996369
11929,-99.60009978
11930,48.61636927
11931,41.19970604
11932,661.6732171
11933,305.9589879
11934,500.4110756
11935,-231.1609922
11936,334.1777325
11937,-326.4023427
11938,-574.1806196
11939,148.5408727
11940,613.9878826
11941,184.5203674
11942,-216.1004673
11943,-616.0735283
11944,127.4698407
11945,-96.88155439
11946,-167.7120378
11947,-349.9469949
11948,6.614867127
11949,543.2797064
11950,-362.7810315
11951,-330.0574195
11952,347.0145487
11953,526.4307733
11954,-69.3425203
11955,368.0894293
11956,381.7237196
11957,345.8528403
11958,-204.6898132
11959,157.8972183
11960,-967.3833642
11961,527.9548198
11962,-338.8496058
11963,609.1811386
11964,381.1166206
11965,-18.35158324
11966,-92.24291831
11967,-166.0868655
11968,-173.9395995
11969,-221.137342
11970,-228.3761225
11971,198.0616068
11972,-713.0064769
11973,-89.68186474
11974,-480.0045702
11975,-271.7333959
11976,565.3236399
11977,96.11148263
11978,178.6133586
11979,-61.17433245
11980,-368.6916872
11981,4.847746578
11982,414.4138213
11983,-760.3183168
11984,84.91271533
11985,-251.8473255
11986,280.7075846
11987,-391.2502783
11988,608.4991172
11989,-27.80846061
11990,-123.4141193
11991,-130.8292442
11992,18.55306889
11993,-433.1653759
11994,-303.7091261
11995,464.715255
11996,496.4853345
11997,-35.13540942
11998,-131.6791845
11999,417.2691546
